{
    "地过": 1.7481880270062005,
    "超级": 2.894316062684438,
    "剧情": 5.730640178391189,
    "老版": 7.6058823601283105,
    "早晨": 1.7481880270062005,
    "好好": 1.447158031342219,
    "玩耍": 1.7481880270062005,
    "缺陷": 3.496376054012401,
    "数字": 3.496376054012401,
    "刺激": 1.7481880270062005,
    "感触": 1.7481880270062005,
    "歌词": 4.3414740940266565,
    "话": 2.5421335445730757,
    "输光": 1.7481880270062005,
    "惊艳": 1.7481880270062005,
    "服气": 1.7481880270062005,
    "找过": 1.7481880270062005,
    "谱": 1.7481880270062005,
    "名": 1.7481880270062005,
    "還並": 1.7481880270062005,
    "微信": 1.7481880270062005,
    "酷": 1.7481880270062005,
    "口琴": 2.894316062684438,
    "好怀念": 1.7481880270062005,
    "有生之年": 2.894316062684438,
    "努力": 3.496376054012401,
    "寒假": 1.7481880270062005,
    "全职": 6.295308136021089,
    "之物": 1.7481880270062005,
    "心目": 1.7481880270062005,
    "篇": 8.12780988292749,
    "廉价": 1.7481880270062005,
    "爱": 3.880147106490227,
    "十幾": 1.7481880270062005,
    "阳光": 2.894316062684438,
    "滚": 1.7481880270062005,
    "适合": 1.447158031342219,
    "超": 4.584512142712951,
    "岸本": 1.7481880270062005,
    "好看": 4.3414740940266565,
    "完整": 1.7481880270062005,
    "卖萌": 1.7481880270062005,
    "恋人": 8.450980400142567,
    "男": 1.7481880270062005,
    "大陆": 8.230068297068204,
    "美术": 1.7481880270062005,
    "爽": 1.7481880270062005,
    "有个": 1.7481880270062005,
    "初一": 1.7481880270062005,
    "网易": 1.447158031342219,
    "心情": 1.7481880270062005,
    "懒": 1.7481880270062005,
    "天与地": 1.7481880270062005,
    "差": 1.7481880270062005,
    "爱富坚": 4.3414740940266565,
    "区": 1.7481880270062005,
    "老婆": 3.496376054012401,
    "看不下去": 2.894316062684438,
    "蚁": 1.7481880270062005,
    "第几次": 1.7481880270062005,
    "武内": 1.7481880270062005,
    "一酸": 1.7481880270062005,
    "瞬间": 1.7481880270062005,
    "平静": 1.7481880270062005,
    "生活": 2.894316062684438,
    "沙发": 1.447158031342219,
    "撕": 1.7481880270062005,
    "好几倍": 1.7481880270062005,
    "多人": 1.7481880270062005,
    "完美": 1.7481880270062005,
    "卧槽": 2.894316062684438,
    "嗎": 1.7481880270062005,
    "味道": 1.7481880270062005,
    "输着": 1.7481880270062005,
    "傻": 1.7481880270062005,
    "火影": 8.897467406005765,
    "迷在": 1.7481880270062005,
    "夕": 1.7481880270062005,
    "怀念": 2.894316062684438,
    "好多": 2.894316062684438,
    "听": 4.576774143604153,
    "忘": 1.7481880270062005,
    "暗黑": 1.7481880270062005,
    "创意": 2.894316062684438,
    "不到": 3.8132003168596134,
    "日子": 1.7481880270062005,
    "印象": 1.7481880270062005,
    "真事": 1.7481880270062005,
    "麻将": 1.7481880270062005,
    "版": 3.8132003168596134,
    "资源": 1.7481880270062005,
    "恨": 3.496376054012401,
    "完": 7.224719895935547,
    "小杰": 1.7481880270062005,
    "意境": 1.7481880270062005,
    "难受": 1.7481880270062005,
    "找到": 4.850183883112783,
    "老賊廚": 1.7481880270062005,
    "太深": 1.7481880270062005,
    "神作": 1.7481880270062005,
    "推荐": 2.894316062684438,
    "开心": 1.2710667722865379,
    "启发": 3.496376054012401,
    "制版": 2.894316062684438,
    "追": 2.894316062684438,
    "喜欢": 9.725645055158825,
    "哲理": 1.7481880270062005,
    "差个": 1.7481880270062005,
    "本意": 1.7481880270062005,
    "家里": 1.7481880270062005,
    "转向": 1.7481880270062005,
    "写": 1.7481880270062005,
    "工作": 3.496376054012401,
    "看一遍": 1.7481880270062005,
    "中忍": 1.7481880270062005,
    "长大": 5.084267089146151,
    "过些日子": 1.7481880270062005,
    "冒险": 1.7481880270062005,
    "张开": 1.7481880270062005,
    "好听": 3.438384107034713,
    "美": 1.7481880270062005,
    "看过": 1.7481880270062005,
    "前期": 1.7481880270062005,
    "生物进化": 1.7481880270062005,
    "绯红": 3.496376054012401,
    "入坑": 1.7481880270062005,
    "杰带": 1.7481880270062005,
    "内心": 1.7481880270062005,
    "接触": 1.7481880270062005,
    "前两天": 1.7481880270062005,
    "留念": 1.7481880270062005,
    "洗洗": 1.7481880270062005,
    "主角": 3.496376054012401,
    "嫌弃": 1.7481880270062005,
    "卡巴": 1.7481880270062005,
    "几倍": 1.7481880270062005,
    "重置": 1.7481880270062005,
    "坑死": 3.496376054012401,
    "送給": 1.7481880270062005,
    "唯一": 5.084267089146151,
    "悲伤": 1.7481880270062005,
    "影": 2.894316062684438,
    "抄袭": 2.894316062684438,
    "版本": 2.5421335445730757,
    "唱": 1.7481880270062005,
    "同志": 1.7481880270062005,
    "打麻将": 3.8132003168596134,
    "几天": 1.7481880270062005,
    "生物": 1.7481880270062005,
    "猜错": 1.7481880270062005,
    "尊重": 3.496376054012401,
    "运往": 1.7481880270062005,
    "却是": 1.7481880270062005,
    "好奇": 1.7481880270062005,
    "蚂蚁": 5.246090113350908,
    "晚": 1.7481880270062005,
    "伍嘉成": 2.894316062684438,
    "重制": 5.244564081018601,
    "算": 1.7481880270062005,
    "小学": 4.584512142712951,
    "大好": 1.7481880270062005,
    "时": 1.7481880270062005,
    "美感": 1.7481880270062005,
    "友克鑫市": 1.7481880270062005,
    "听到": 3.8132003168596134,
    "难": 1.7481880270062005,
    "卡": 1.7481880270062005,
    "恭喜": 1.7481880270062005,
    "解释": 1.7481880270062005,
    "结尾": 1.7481880270062005,
    "貌似": 3.496376054012401,
    "开口": 1.7481880270062005,
    "生日快乐": 1.7481880270062005,
    "有钱": 1.7481880270062005,
    "回到": 1.7481880270062005,
    "依然": 4.3414740940266565,
    "拖": 1.7481880270062005,
    "动画版": 1.7481880270062005,
    "做梦": 3.496376054012401,
    "热血": 1.7481880270062005,
    "小伍": 3.496376054012401,
    "结束": 1.7481880270062005,
    "定论": 1.7481880270062005,
    "我怕": 1.7481880270062005,
    "只能": 1.7481880270062005,
    "双眼": 1.7481880270062005,
    "挺": 3.496376054012401,
    "捞": 1.7481880270062005,
    "之间": 1.7481880270062005,
    "明天": 1.447158031342219,
    "果": 1.7481880270062005,
    "啥时候": 1.7481880270062005,
    "滑稽": 1.7481880270062005,
    "听懂": 1.7481880270062005,
    "咩": 1.7481880270062005,
    "海贼": 7.626400633719227,
    "变奏": 1.7481880270062005,
    "米特": 1.7481880270062005,
    "每次": 3.8132003168596134,
    "手牵手": 1.7481880270062005,
    "老家": 1.7481880270062005,
    "圍笑": 1.7481880270062005,
    "集都": 2.894316062684438,
    "铃声": 1.7481880270062005,
    "深度": 2.894316062684438,
    "手机": 1.7481880270062005,
    "感动": 3.8132003168596134,
    "厌烦": 1.7481880270062005,
    "想法": 1.7481880270062005,
    "结局": 3.8132003168596134,
    "画": 1.7481880270062005,
    "基佬": 1.7481880270062005,
    "怼": 1.7481880270062005,
    "非常明显": 1.7481880270062005,
    "三个": 1.7481880270062005,
    "人物": 1.7481880270062005,
    "任性": 1.7481880270062005,
    "懂": 3.496376054012401,
    "叫智喜": 3.496376054012401,
    "惹": 1.7481880270062005,
    "喜歡": 1.7481880270062005,
    "之眼": 3.496376054012401,
    "好几年": 1.7481880270062005,
    "机会": 1.7481880270062005,
    "聚": 1.7481880270062005,
    "没钱花": 1.7481880270062005,
    "遥": 1.7481880270062005,
    "重温": 1.7481880270062005,
    "找": 5.246090113350908,
    "精华": 1.7481880270062005,
    "感想": 1.7481880270062005,
    "三年级": 1.7481880270062005,
    "阿姨": 2.894316062684438,
    "一代": 1.7481880270062005,
    "第一": 1.7481880270062005,
    "借鉴": 1.7481880270062005,
    "别下": 1.7481880270062005,
    "卖肉": 1.7481880270062005,
    "不错": 1.447158031342219,
    "连载": 5.246090113350908,
    "啊啊啊": 12.607408392460615,
    "漫画家": 1.7481880270062005,
    "坑": 6.295308136021089,
    "动漫": 6.295308136021089,
    "丫": 1.7481880270062005,
    "之岛": 1.7481880270062005,
    "详细": 1.7481880270062005,
    "系列": 1.7481880270062005,
    "停刊": 3.8132003168596134,
    "断": 1.7481880270062005,
    "做": 4.196872090680726,
    "原版": 1.7481880270062005,
    "进化": 2.894316062684438,
    "集": 4.584512142712951,
    "很大": 1.7481880270062005,
    "点": 1.7481880270062005,
    "小智": 1.7481880270062005,
    "年前": 1.7481880270062005,
    "冲动": 1.7481880270062005,
    "挺火": 1.7481880270062005,
    "第一部": 1.7481880270062005,
    "额": 1.7481880270062005,
    "回复": 1.7481880270062005,
    "正": 5.084267089146151,
    "肯定": 1.7481880270062005,
    "东西": 1.7481880270062005,
    "确实": 1.7481880270062005,
    "画功": 1.7481880270062005,
    "倒": 1.7481880270062005,